summary_type,message_count,avg_total_peers,avg_delay_to_0pct_ms,avg_delay_to_5pct_ms,avg_delay_to_25pct_ms,avg_delay_to_50pct_ms,avg_delay_to_75pct_ms,avg_delay_to_95pct_ms,avg_delay_to_100pct_ms
SUMMARY,205337,692.9998831189703,5.526635247539513,47.492354679921384,117.73816097960129,174.95443462557023,236.30619260841326,340.20894688930537,1438.009623399362
